{
  "id": "2182818",
  "name": "球冠",
  "font_family": "iconfont",
  "css_prefix_text": "icon-",
  "description": "",
  "glyphs": [
    {
      "icon_id": "16836797",
      "name": "文字直播",
      "font_class": "wenzizhibo",
      "unicode": "e643",
      "unicode_decimal": 58947
    },
    {
      "icon_id": "2211108",
      "name": "红色",
      "font_class": "tubiaozhizuomoban",
      "unicode": "e601",
      "unicode_decimal": 58881
    },
    {
      "icon_id": "6496812",
      "name": "点球",
      "font_class": "dianqiu",
      "unicode": "e67d",
      "unicode_decimal": 59005
    },
    {
      "icon_id": "8615521",
      "name": "天气",
      "font_class": "tianqi-copy",
      "unicode": "e600",
      "unicode_decimal": 58880
    },
    {
      "icon_id": "10633313",
      "name": "黄色",
      "font_class": "huangse",
      "unicode": "e658",
      "unicode_decimal": 58968
    },
    {
      "icon_id": "12482521",
      "name": "乌龙球",
      "font_class": "wulongqiu",
      "unicode": "e62d",
      "unicode_decimal": 58925
    },
    {
      "icon_id": "12482540",
      "name": "进球",
      "font_class": "jinqiu",
      "unicode": "e632",
      "unicode_decimal": 58930
    },
    {
      "icon_id": "12482545",
      "name": "黄牌",
      "font_class": "huangpai",
      "unicode": "e635",
      "unicode_decimal": 58933
    },
    {
      "icon_id": "12760395",
      "name": "蓝色",
      "font_class": "lanse",
      "unicode": "e7b0",
      "unicode_decimal": 59312
    },
    {
      "icon_id": "16793926",
      "name": "红牌",
      "font_class": "hongpai",
      "unicode": "e68e",
      "unicode_decimal": 59022
    }
  ]
}
